estructura,n,tipo,repeticiones,mediana_us,media_us,desv_est_us,q1_us,q3_us,min_us,max_us,atipicos
Lista Ligada,1000,existente,10,11.513666443837186,11.596833355724812,0.5213025438296726,11.249166855122894,11.812666683302572,10.807666694745421,12.520666544636091,0
Árbol Binario (BST),1000,existente,10,0.7074999545390408,0.8237333192179601,0.4246973635056868,0.6583333015441895,0.7352501658412317,0.6220000796020031,2.025333233177662,1
Árbol B+,1000,existente,10,1.1668332930033407,1.213066667939226,0.124440728261377,1.153750151085357,1.2688333905922868,1.0790000669658184,1.5083331769953172,1
Lista Ligada,1000,no_existente,10,23.104166612029076,23.050533335966367,1.0164806527355132,22.273666497009494,23.303250200115144,21.817333375414215,25.35599982365966,1
Árbol Binario (BST),1000,no_existente,10,0.6138333507503073,0.6417666639511784,0.07355494596333215,0.5959998816251755,0.7015833398327231,0.5636666901409626,0.7579999510198832,0
Árbol B+,1000,no_existente,10,1.0680001772319279,1.0733000235632062,0.07409417481333115,1.037083469176044,1.1291667275751631,0.9410001803189516,1.1819996871054173,0
Lista Ligada,5000,existente,10,57.5425000473236,59.29733335506171,3.7932271173301166,56.51908334887897,61.08816664588328,55.94199988991022,66.15766673348844,0
Árbol Binario (BST),5000,existente,10,1.2080000791077814,1.398300053551793,0.5091580223992711,1.1180002669182918,1.4852502499707043,1.0306663655986388,2.743333267668883,1
Árbol B+,5000,existente,10,2.595999976620078,2.7237333512554565,0.7245518506716156,2.1625002652096255,3.103749865355591,1.838000025600195,4.181333351880312,0
Lista Ligada,5000,no_existente,10,121.158166633298,122.87443332994977,8.187787041452212,118.8700000056997,127.91608343832195,111.24633330230911,137.31399977890152,0
Árbol Binario (BST),5000,no_existente,10,1.3681666071837149,1.378433274415632,0.24284902382876844,1.2248331525673468,1.4005832296485703,1.0889997550596793,1.9333333087464173,1
Árbol B+,5000,no_existente,10,2.209666611937185,2.343166658344368,0.43682066904024985,2.150250074919313,2.3611665043669445,1.8936667280892532,3.26300001082321,2
Lista Ligada,10000,existente,10,127.11533345282078,126.80829995467018,8.136113070583015,119.33275003684685,132.53491662908345,116.82666644143562,141.24566650328535,0
Árbol Binario (BST),10000,existente,10,1.5174999134615064,1.9075000115359824,0.6676910624127886,1.4377499852950375,2.29783346488451,1.3626665653040013,3.290333552286029,0
Árbol B+,10000,existente,10,3.190666708784799,3.5177666771536074,0.7065526187920047,3.0029998742975295,4.20633334821711,2.8383336029946804,4.629999942456682,0
Lista Ligada,10000,no_existente,10,238.2558333920315,238.57433333372077,7.521750899905031,232.97049978282303,243.3572500012815,229.23300003943342,250.65633351914582,0
Árbol Binario (BST),10000,no_existente,10,1.564166547420124,1.658866686436037,0.31796688481942464,1.432083275479575,1.8842501837449768,1.276333350688219,2.2876666237910586,0
Árbol B+,10000,no_existente,10,2.850666642189026,3.0226332989210882,0.4783800423453484,2.645999969293674,3.448666636055956,2.4669997704525786,3.7763329843680067,0
Lista Ligada,50000,existente,10,812.1519999500985,1017.8189666864153,398.97266609289625,766.3076666843457,1360.6715832914535,663.848666784664,1675.6170002433162,0
Árbol Binario (BST),50000,existente,10,2.2906664526090026,2.5757665668303766,0.6841140637003466,2.019583383419861,3.043999798440685,1.892666332423687,3.9493335255732145,0
Árbol B+,50000,existente,10,5.05533341007928,5.628433311358094,1.3303645023360813,4.710249874430398,6.404416635632515,4.207999833549063,7.952000014483929,0
Lista Ligada,50000,no_existente,10,1787.336666796667,2385.290433264648,927.876178874156,1717.3722497924853,3421.918666669323,1486.9123332512877,3576.245999817426,0
Árbol Binario (BST),50000,no_existente,10,2.536666579544544,2.881333348341286,0.9180963058247437,2.194249924893181,3.2998334305981794,1.9603335143377383,4.597000079229474,0
Árbol B+,50000,no_existente,10,4.416833204838137,4.983566662607093,1.1711698893960105,4.025000186326603,6.025833329961945,3.782666753977537,6.8846667030205335,0
Lista Ligada,100000,existente,10,2995.082499886242,2784.9638999905437,710.2808937690436,2285.276166803669,3278.089750189489,1728.7306666063766,3808.037999939794,0
Árbol Binario (BST),100000,existente,10,3.1943332093457384,3.3087000095595918,0.962011337449758,2.4221667748255036,4.191416859005888,2.2799998987466097,4.432666658734282,0
Árbol B+,100000,existente,10,7.152000131706397,7.4197334082176285,1.2172777688631697,6.63425016682595,7.994500144074361,5.813666696970662,9.45666649689277,0
Lista Ligada,100000,no_existente,10,5896.094166479695,5647.040499917542,1337.0074735038625,4626.921666689062,6896.390416659415,3631.8133332921816,7058.620666697,0
Árbol Binario (BST),100000,no_existente,10,3.2221667546158037,3.2948666873077554,0.6692340245409919,2.8891668383342526,3.5099166173798344,2.3503333795815706,4.623999896769722,1
Árbol B+,100000,no_existente,10,6.570499778414766,6.632566568441689,0.8551820380690626,5.836833346014222,7.349583320319653,5.497333283225695,7.727666525170206,0
